,city,city_ibge_code,date,epidemiological_week,estimated_population,estimated_population_2019,is_last,is_repeated,last_available_confirmed,last_available_confirmed_per_100k_inhabitants,last_available_date,last_available_death_rate,last_available_deaths,order_for_place,place_type,state,new_confirmed,new_deaths
913776,Rio de Janeiro,3304557.0,2020-03-06,202010,6747815.0,6718903.0,False,False,1,0.01482,2020-03-06,0.0,0,1,city,RJ,1,0
913779,Rio de Janeiro,3304557.0,2020-03-07,202010,6747815.0,6718903.0,False,True,1,0.01482,2020-03-06,0.0,0,2,city,RJ,0,0
913782,Rio de Janeiro,3304557.0,2020-03-08,202011,6747815.0,6718903.0,False,False,2,0.02964,2020-03-08,0.0,0,3,city,RJ,1,0
913785,Rio de Janeiro,3304557.0,2020-03-09,202011,6747815.0,6718903.0,False,True,2,0.02964,2020-03-08,0.0,0,4,city,RJ,0,0
913788,Rio de Janeiro,3304557.0,2020-03-10,202011,6747815.0,6718903.0,False,True,2,0.02964,2020-03-08,0.0,0,5,city,RJ,0,0
913791,Rio de Janeiro,3304557.0,2020-03-11,202011,6747815.0,6718903.0,False,True,2,0.02964,2020-03-08,0.0,0,6,city,RJ,0,0
913795,Rio de Janeiro,3304557.0,2020-03-12,202011,6747815.0,6718903.0,False,False,13,0.19265,2020-03-12,0.0,0,7,city,RJ,11,0
913799,Rio de Janeiro,3304557.0,2020-03-13,202011,6747815.0,6718903.0,False,True,13,0.19265,2020-03-12,0.0,0,8,city,RJ,0,0
913803,Rio de Janeiro,3304557.0,2020-03-14,202011,6747815.0,6718903.0,False,True,13,0.19265,2020-03-12,0.0,0,9,city,RJ,0,0
913807,Rio de Janeiro,3304557.0,2020-03-15,202012,6747815.0,6718903.0,False,False,22,0.32603,2020-03-15,0.0,0,10,city,RJ,9,0
913811,Rio de Janeiro,3304557.0,2020-03-16,202012,6747815.0,6718903.0,False,False,23,0.34085,2020-03-16,0.0,0,11,city,RJ,1,0
913815,Rio de Janeiro,3304557.0,2020-03-17,202012,6747815.0,6718903.0,False,True,23,0.34085,2020-03-16,0.0,0,12,city,RJ,0,0
913820,Rio de Janeiro,3304557.0,2020-03-18,202012,6747815.0,6718903.0,False,False,55,0.81508,2020-03-18,0.0,0,13,city,RJ,32,0
913826,Rio de Janeiro,3304557.0,2020-03-19,202012,6747815.0,6718903.0,False,False,56,0.8299,2020-03-19,0.0,0,14,city,RJ,1,0
913832,Rio de Janeiro,3304557.0,2020-03-20,202012,6747815.0,6718903.0,False,True,56,0.8299,2020-03-19,0.0,0,15,city,RJ,0,0
913840,Rio de Janeiro,3304557.0,2020-03-21,202012,6747815.0,6718903.0,False,False,99,1.46714,2020-03-21,0.0,0,16,city,RJ,43,0
913848,Rio de Janeiro,3304557.0,2020-03-22,202013,6747815.0,6718903.0,False,False,168,2.48969,2020-03-22,0.0,0,17,city,RJ,69,0
913856,Rio de Janeiro,3304557.0,2020-03-23,202013,6747815.0,6718903.0,False,False,212,3.14176,2020-03-23,0.0047,1,18,city,RJ,44,1
913867,Rio de Janeiro,3304557.0,2020-03-24,202013,6747815.0,6718903.0,False,False,276,4.09021,2020-03-24,0.0109,3,19,city,RJ,64,2
913880,Rio de Janeiro,3304557.0,2020-03-25,202013,6747815.0,6718903.0,False,False,331,4.90529,2020-03-25,0.0151,5,20,city,RJ,55,2
913895,Rio de Janeiro,3304557.0,2020-03-26,202013,6747815.0,6718903.0,False,False,368,5.45362,2020-03-26,0.0163,6,21,city,RJ,37,1
913911,Rio de Janeiro,3304557.0,2020-03-27,202013,6747815.0,6718903.0,False,False,431,6.38725,2020-03-27,0.0139,6,22,city,RJ,63,0
913929,Rio de Janeiro,3304557.0,2020-03-28,202013,6747815.0,6718903.0,False,False,489,7.24679,2020-03-28,0.0184,9,23,city,RJ,58,3
913949,Rio de Janeiro,3304557.0,2020-03-29,202014,6747815.0,6718903.0,False,False,516,7.64692,2020-03-29,0.0252,13,24,city,RJ,27,4
913973,Rio de Janeiro,3304557.0,2020-03-30,202014,6747815.0,6718903.0,False,False,553,8.19525,2020-03-30,0.0235,13,25,city,RJ,37,0
914000,Rio de Janeiro,3304557.0,2020-03-31,202014,6747815.0,6718903.0,False,False,586,8.68429,2020-03-31,0.0307,18,26,city,RJ,33,5
914029,Rio de Janeiro,3304557.0,2020-04-01,202014,6747815.0,6718903.0,False,False,697,10.32927,2020-04-01,0.0287,20,27,city,RJ,111,2
914061,Rio de Janeiro,3304557.0,2020-04-02,202014,6747815.0,6718903.0,False,False,798,11.82605,2020-04-02,0.0388,31,28,city,RJ,101,11
914098,Rio de Janeiro,3304557.0,2020-04-03,202014,6747815.0,6718903.0,False,False,867,12.8486,2020-04-03,0.0415,36,29,city,RJ,69,5
914138,Rio de Janeiro,3304557.0,2020-04-04,202014,6747815.0,6718903.0,False,False,982,14.55286,2020-04-04,0.0387,38,30,city,RJ,115,2
914179,Rio de Janeiro,3304557.0,2020-04-05,202015,6747815.0,6718903.0,False,False,1068,15.82735,2020-04-05,0.0393,42,31,city,RJ,86,4
914223,Rio de Janeiro,3304557.0,2020-04-06,202015,6747815.0,6718903.0,False,False,1110,16.44977,2020-04-06,0.0423,47,32,city,RJ,42,5
914273,Rio de Janeiro,3304557.0,2020-04-07,202015,6747815.0,6718903.0,False,False,1251,18.53933,2020-04-07,0.0472,59,33,city,RJ,141,12
914325,Rio de Janeiro,3304557.0,2020-04-08,202015,6747815.0,6718903.0,False,False,1449,21.47362,2020-04-08,0.0504,73,34,city,RJ,198,14
914380,Rio de Janeiro,3304557.0,2020-04-09,202015,6747815.0,6718903.0,False,False,1633,24.20043,2020-04-09,0.0502,82,35,city,RJ,184,9
914440,Rio de Janeiro,3304557.0,2020-04-10,202015,6747815.0,6718903.0,False,False,1808,26.79386,2020-04-10,0.0509,92,36,city,RJ,175,10
914501,Rio de Janeiro,3304557.0,2020-04-11,202015,6747815.0,6718903.0,False,False,1905,28.23136,2020-04-11,0.0514,98,37,city,RJ,97,6
914563,Rio de Janeiro,3304557.0,2020-04-12,202016,6747815.0,6718903.0,False,False,1996,29.57995,2020-04-12,0.0531,106,38,city,RJ,91,8
914627,Rio de Janeiro,3304557.0,2020-04-13,202016,6747815.0,6718903.0,False,False,2322,34.41114,2020-04-13,0.0495,115,39,city,RJ,326,9
914692,Rio de Janeiro,3304557.0,2020-04-14,202016,6747815.0,6718903.0,False,False,2393,35.46333,2020-04-14,0.0585,140,40,city,RJ,71,25
914761,Rio de Janeiro,3304557.0,2020-04-15,202016,6747815.0,6718903.0,False,False,2519,37.3306,2020-04-15,0.0663,167,41,city,RJ,126,27
914831,Rio de Janeiro,3304557.0,2020-04-16,202016,6747815.0,6718903.0,False,False,2659,39.40535,2020-04-16,0.0733,195,42,city,RJ,140,28
914901,Rio de Janeiro,3304557.0,2020-04-17,202016,6747815.0,6718903.0,False,False,2946,43.65858,2020-04-17,0.0743,219,43,city,RJ,287,24
914972,Rio de Janeiro,3304557.0,2020-04-18,202016,6747815.0,6718903.0,False,False,3059,45.33319,2020-04-18,0.0775,237,44,city,RJ,113,18
915043,Rio de Janeiro,3304557.0,2020-04-19,202017,6747815.0,6718903.0,False,False,3126,46.32611,2020-04-19,0.0784,245,45,city,RJ,67,8
915114,Rio de Janeiro,3304557.0,2020-04-20,202017,6747815.0,6718903.0,False,False,3243,48.06,2020-04-20,0.0792,257,46,city,RJ,117,12
915186,Rio de Janeiro,3304557.0,2020-04-21,202017,6747815.0,6718903.0,False,False,3587,53.15795,2020-04-21,0.0789,283,47,city,RJ,344,26
915259,Rio de Janeiro,3304557.0,2020-04-22,202017,6747815.0,6718903.0,False,False,3656,54.1805,2020-04-22,0.0829,303,48,city,RJ,69,20
915334,Rio de Janeiro,3304557.0,2020-04-23,202017,6747815.0,6718903.0,False,False,4027,59.67858,2020-04-23,0.08,322,49,city,RJ,371,19
915410,Rio de Janeiro,3304557.0,2020-04-24,202017,6747815.0,6718903.0,False,False,4091,60.62703,2020-04-24,0.0848,347,50,city,RJ,64,25
915487,Rio de Janeiro,3304557.0,2020-04-25,202017,6747815.0,6718903.0,False,False,4481,66.40668,2020-04-25,0.0819,367,51,city,RJ,390,20
915565,Rio de Janeiro,3304557.0,2020-04-26,202018,6747815.0,6718903.0,False,False,4498,66.65861,2020-04-26,0.0849,382,52,city,RJ,17,15
915646,Rio de Janeiro,3304557.0,2020-04-27,202018,6747815.0,6718903.0,False,False,5261,77.96598,2020-04-27,0.077,405,53,city,RJ,763,23
915728,Rio de Janeiro,3304557.0,2020-04-28,202018,6747815.0,6718903.0,False,False,5554,82.30812,2020-04-28,0.0821,456,54,city,RJ,293,51
915810,Rio de Janeiro,3304557.0,2020-04-29,202018,6747815.0,6718903.0,False,False,5689,84.30877,2020-04-29,0.0872,496,55,city,RJ,135,40
915893,Rio de Janeiro,3304557.0,2020-04-30,202018,6747815.0,6718903.0,False,False,5903,87.48017,2020-04-30,0.0906,535,56,city,RJ,214,39
915977,Rio de Janeiro,3304557.0,2020-05-01,202018,6747815.0,6718903.0,False,False,6189,91.71858,2020-05-01,0.0927,574,57,city,RJ,286,39
916062,Rio de Janeiro,3304557.0,2020-05-02,202018,6747815.0,6718903.0,False,False,6448,95.55686,2020-05-02,0.0935,603,58,city,RJ,259,29
916147,Rio de Janeiro,3304557.0,2020-05-03,202019,6747815.0,6718903.0,False,False,6750,100.03238,2020-05-03,0.0935,631,59,city,RJ,302,28
916232,Rio de Janeiro,3304557.0,2020-05-04,202019,6747815.0,6718903.0,False,False,7283,107.93123,2020-05-04,0.092,670,60,city,RJ,533,39
916318,Rio de Janeiro,3304557.0,2020-05-05,202019,6747815.0,6718903.0,False,False,7832,116.0672,2020-05-05,0.091,713,61,city,RJ,549,43
916404,Rio de Janeiro,3304557.0,2020-05-06,202019,6747815.0,6718903.0,False,False,8577,127.10781,2020-05-06,0.0891,764,62,city,RJ,745,51
916490,Rio de Janeiro,3304557.0,2020-05-07,202019,6747815.0,6718903.0,False,False,9051,134.13231,2020-05-07,0.1015,919,63,city,RJ,474,155
916578,Rio de Janeiro,3304557.0,2020-05-08,202019,6747815.0,6718903.0,False,False,9672,143.33529,2020-05-08,0.1036,1002,64,city,RJ,621,83
916666,Rio de Janeiro,3304557.0,2020-05-09,202019,6747815.0,6718903.0,False,False,10479,155.29471,2020-05-09,0.1042,1092,65,city,RJ,807,90
916754,Rio de Janeiro,3304557.0,2020-05-10,202020,6747815.0,6718903.0,False,False,10520,155.90232,2020-05-10,0.107,1126,66,city,RJ,41,34
916843,Rio de Janeiro,3304557.0,2020-05-11,202020,6747815.0,6718903.0,False,False,10619,157.36946,2020-05-11,0.1104,1172,67,city,RJ,99,46
916932,Rio de Janeiro,3304557.0,2020-05-12,202020,6747815.0,6718903.0,False,False,10816,160.28892,2020-05-12,0.1183,1279,68,city,RJ,197,107
917021,Rio de Janeiro,3304557.0,2020-05-13,202020,6747815.0,6718903.0,False,False,11026,163.40104,2020-05-13,0.1236,1363,69,city,RJ,210,84
917111,Rio de Janeiro,3304557.0,2020-05-14,202020,6747815.0,6718903.0,False,False,11264,166.92811,2020-05-14,0.134,1509,70,city,RJ,238,146
917201,Rio de Janeiro,3304557.0,2020-05-15,202020,6747815.0,6718903.0,False,False,11715,173.61175,2020-05-15,0.1392,1631,71,city,RJ,451,122
917292,Rio de Janeiro,3304557.0,2020-05-16,202020,6747815.0,6718903.0,False,False,12295,182.20713,2020-05-16,0.1424,1751,72,city,RJ,580,120
917383,Rio de Janeiro,3304557.0,2020-05-17,202021,6747815.0,6718903.0,False,False,12921,191.48421,2020-05-17,0.1425,1841,73,city,RJ,626,90
917475,Rio de Janeiro,3304557.0,2020-05-18,202021,6747815.0,6718903.0,False,False,13443,199.22004,2020-05-18,0.1458,1960,74,city,RJ,522,119
917568,Rio de Janeiro,3304557.0,2020-05-19,202021,6747815.0,6718903.0,False,False,14531,215.34378,2020-05-19,0.1469,2135,75,city,RJ,1088,175
917661,Rio de Janeiro,3304557.0,2020-05-20,202021,6747815.0,6718903.0,False,False,17066,252.9115,2020-05-20,0.1318,2249,76,city,RJ,2535,114
917754,Rio de Janeiro,3304557.0,2020-05-21,202021,6747815.0,6718903.0,False,False,18743,277.76399,2020-05-21,0.1268,2376,77,city,RJ,1677,127
917847,Rio de Janeiro,3304557.0,2020-05-22,202021,6747815.0,6718903.0,False,False,20161,298.7782,2020-05-22,0.125,2520,78,city,RJ,1418,144
917940,Rio de Janeiro,3304557.0,2020-05-23,202021,6747815.0,6718903.0,False,False,21043,311.84909,2020-05-23,0.1284,2702,79,city,RJ,882,182
918033,Rio de Janeiro,3304557.0,2020-05-24,202022,6747815.0,6718903.0,False,False,21775,322.69705,2020-05-24,0.1265,2755,80,city,RJ,732,53
918126,Rio de Janeiro,3304557.0,2020-05-25,202022,6747815.0,6718903.0,False,False,22466,332.9374,2020-05-25,0.126,2831,81,city,RJ,691,76
918219,Rio de Janeiro,3304557.0,2020-05-26,202022,6747815.0,6718903.0,False,False,23290,345.14876,2020-05-26,0.1279,2978,82,city,RJ,824,147
918313,Rio de Janeiro,3304557.0,2020-05-27,202022,6747815.0,6718903.0,False,False,24750,366.7854,2020-05-27,0.1267,3135,83,city,RJ,1460,157
918407,Rio de Janeiro,3304557.0,2020-05-28,202022,6747815.0,6718903.0,False,False,25974,384.9246,2020-05-28,0.1268,3293,84,city,RJ,1224,158
918501,Rio de Janeiro,3304557.0,2020-05-29,202022,6747815.0,6718903.0,False,False,27311,404.73842,2020-05-29,0.1256,3430,85,city,RJ,1337,137
918595,Rio de Janeiro,3304557.0,2020-05-30,202022,6747815.0,6718903.0,False,False,28481,422.07737,2020-05-30,0.1238,3525,86,city,RJ,1170,95
918689,Rio de Janeiro,3304557.0,2020-05-31,202023,6747815.0,6718903.0,False,False,29157,432.09543,2020-05-31,0.1227,3578,87,city,RJ,676,53
918783,Rio de Janeiro,3304557.0,2020-06-01,202023,6747815.0,6718903.0,False,False,30014,444.79583,2020-06-01,0.1223,3671,88,city,RJ,857,93
918877,Rio de Janeiro,3304557.0,2020-06-02,202023,6747815.0,6718903.0,False,False,31204,462.43117,2020-06-02,0.1227,3828,89,city,RJ,1190,157
918971,Rio de Janeiro,3304557.0,2020-06-03,202023,6747815.0,6718903.0,False,False,32951,488.32103,2020-06-03,0.1231,4055,90,city,RJ,1747,227
919065,Rio de Janeiro,3304557.0,2020-06-04,202023,6747815.0,6718903.0,False,False,33695,499.34683,2020-06-04,0.1256,4231,91,city,RJ,744,176
919159,Rio de Janeiro,3304557.0,2020-06-05,202023,6747815.0,6718903.0,False,False,35043,519.32366,2020-06-05,0.123,4309,92,city,RJ,1348,78
919253,Rio de Janeiro,3304557.0,2020-06-06,202023,6747815.0,6718903.0,False,False,35703,529.10461,2020-06-06,0.1233,4401,93,city,RJ,660,92
919347,Rio de Janeiro,3304557.0,2020-06-07,202024,6747815.0,6718903.0,False,False,36115,535.21029,2020-06-07,0.1235,4462,94,city,RJ,412,61
919441,Rio de Janeiro,3304557.0,2020-06-08,202024,6747815.0,6718903.0,False,False,36893,546.73994,2020-06-08,0.1224,4516,95,city,RJ,778,54
919535,Rio de Janeiro,3304557.0,2020-06-09,202024,6747815.0,6718903.0,False,False,37903,561.70775,2020-06-09,0.1213,4599,96,city,RJ,1010,83
919629,Rio de Janeiro,3304557.0,2020-06-10,202024,6747815.0,6718903.0,False,False,38960,577.37208,2020-06-10,0.121,4716,97,city,RJ,1057,117
919723,Rio de Janeiro,3304557.0,2020-06-11,202024,6747815.0,6718903.0,False,False,40017,593.03641,2020-06-11,0.1212,4850,98,city,RJ,1057,134
919817,Rio de Janeiro,3304557.0,2020-06-12,202024,6747815.0,6718903.0,False,False,40504,600.25356,2020-06-12,0.1204,4877,99,city,RJ,487,27
919911,Rio de Janeiro,3304557.0,2020-06-13,202024,6747815.0,6718903.0,False,False,41411,613.69495,2020-06-13,0.1206,4993,100,city,RJ,907,116
920005,Rio de Janeiro,3304557.0,2020-06-14,202025,6747815.0,6718903.0,False,False,41768,618.98555,2020-06-14,0.1207,5043,101,city,RJ,357,50
920099,Rio de Janeiro,3304557.0,2020-06-15,202025,6747815.0,6718903.0,False,False,42385,628.12925,2020-06-15,0.1201,5090,102,city,RJ,617,47
920193,Rio de Janeiro,3304557.0,2020-06-16,202025,6747815.0,6718903.0,False,False,43874,650.19566,2020-06-16,0.1194,5239,103,city,RJ,1489,149
920287,Rio de Janeiro,3304557.0,2020-06-17,202025,6747815.0,6718903.0,False,False,45978,681.37612,2020-06-17,0.1162,5343,104,city,RJ,2104,104
920381,Rio de Janeiro,3304557.0,2020-06-18,202025,6747815.0,6718903.0,False,False,46255,685.48115,2020-06-18,0.1191,5508,105,city,RJ,277,165
920475,Rio de Janeiro,3304557.0,2020-06-19,202025,6747815.0,6718903.0,False,False,48753,722.50054,2020-06-19,0.1155,5632,106,city,RJ,2498,124
920569,Rio de Janeiro,3304557.0,2020-06-20,202025,6747815.0,6718903.0,False,False,50129,742.89233,2020-06-20,0.1155,5791,107,city,RJ,1376,159
920663,Rio de Janeiro,3304557.0,2020-06-21,202026,6747815.0,6718903.0,False,False,50430,747.35303,2020-06-21,0.1156,5832,108,city,RJ,301,41
920757,Rio de Janeiro,3304557.0,2020-06-22,202026,6747815.0,6718903.0,False,False,50922,754.64428,2020-06-22,0.1154,5875,109,city,RJ,492,43
920851,Rio de Janeiro,3304557.0,2020-06-23,202026,6747815.0,6718903.0,False,False,52325,775.4362,2020-06-23,0.1147,6000,110,city,RJ,1403,125
920945,Rio de Janeiro,3304557.0,2020-06-24,202026,6747815.0,6718903.0,False,False,53307,789.98906,2020-06-24,0.1142,6087,111,city,RJ,982,87
921039,Rio de Janeiro,3304557.0,2020-06-25,202026,6747815.0,6718903.0,False,False,54169,802.76356,2020-06-25,0.1137,6161,112,city,RJ,862,74
921133,Rio de Janeiro,3304557.0,2020-06-26,202026,6747815.0,6718903.0,False,False,55152,817.33124,2020-06-26,0.1136,6264,113,city,RJ,983,103
921227,Rio de Janeiro,3304557.0,2020-06-27,202026,6747815.0,6718903.0,False,False,55286,819.31707,2020-06-27,0.1151,6366,114,city,RJ,134,102
921321,Rio de Janeiro,3304557.0,2020-06-28,202027,6747815.0,6718903.0,False,False,56060,830.78745,2020-06-28,0.114,6393,115,city,RJ,774,27
921415,Rio de Janeiro,3304557.0,2020-06-29,202027,6747815.0,6718903.0,False,False,56351,835.09995,2020-06-29,0.1139,6417,116,city,RJ,291,24
921509,Rio de Janeiro,3304557.0,2020-06-30,202027,6747815.0,6718903.0,False,False,56936,843.76943,2020-06-30,0.115,6550,117,city,RJ,585,133
921603,Rio de Janeiro,3304557.0,2020-07-01,202027,6747815.0,6718903.0,False,False,57879,857.74432,2020-07-01,0.1143,6618,118,city,RJ,943,68
921697,Rio de Janeiro,3304557.0,2020-07-02,202027,6747815.0,6718903.0,False,False,58615,868.65156,2020-07-02,0.1141,6689,119,city,RJ,736,71
921791,Rio de Janeiro,3304557.0,2020-07-03,202027,6747815.0,6718903.0,False,False,59448,880.99629,2020-07-03,0.1142,6791,120,city,RJ,833,102
921885,Rio de Janeiro,3304557.0,2020-07-04,202027,6747815.0,6718903.0,False,False,60033,889.66577,2020-07-04,0.1144,6869,121,city,RJ,585,78
921979,Rio de Janeiro,3304557.0,2020-07-05,202028,6747815.0,6718903.0,False,False,60233,892.62969,2020-07-05,0.1145,6898,122,city,RJ,200,29
922073,Rio de Janeiro,3304557.0,2020-07-06,202028,6747815.0,6718903.0,False,False,60596,898.00921,2020-07-06,0.1143,6924,123,city,RJ,363,26
922167,Rio de Janeiro,3304557.0,2020-07-07,202028,6747815.0,6718903.0,False,False,61658,913.74764,2020-07-07,0.1144,7055,124,city,RJ,1062,131
922261,Rio de Janeiro,3304557.0,2020-07-08,202028,6747815.0,6718903.0,False,False,62463,925.67742,2020-07-08,0.1137,7101,125,city,RJ,805,46
922355,Rio de Janeiro,3304557.0,2020-07-09,202028,6747815.0,6718903.0,False,False,63396,939.50412,2020-07-09,0.1132,7178,126,city,RJ,933,77
922449,Rio de Janeiro,3304557.0,2020-07-10,202028,6747815.0,6718903.0,False,False,64027,948.8553,2020-07-10,0.1133,7254,127,city,RJ,631,76
922543,Rio de Janeiro,3304557.0,2020-07-11,202028,6747815.0,6718903.0,False,False,64102,949.96677,2020-07-11,0.1139,7302,128,city,RJ,75,48
922637,Rio de Janeiro,3304557.0,2020-07-12,202029,6747815.0,6718903.0,False,False,64110,950.08532,2020-07-12,0.114,7310,129,city,RJ,8,8
922731,Rio de Janeiro,3304557.0,2020-07-13,202029,6747815.0,6718903.0,False,False,64635,957.86562,2020-07-13,0.1138,7355,130,city,RJ,525,45
922825,Rio de Janeiro,3304557.0,2020-07-14,202029,6747815.0,6718903.0,False,False,65121,965.06795,2020-07-14,0.1141,7432,131,city,RJ,486,77
922919,Rio de Janeiro,3304557.0,2020-07-15,202029,6747815.0,6718903.0,False,False,65489,970.52157,2020-07-15,0.1145,7500,132,city,RJ,368,68
923013,Rio de Janeiro,3304557.0,2020-07-16,202029,6747815.0,6718903.0,False,False,65571,971.73678,2020-07-16,0.1151,7550,133,city,RJ,82,50
923107,Rio de Janeiro,3304557.0,2020-07-17,202029,6747815.0,6718903.0,False,False,65696,973.58923,2020-07-17,0.116,7621,134,city,RJ,125,71
923201,Rio de Janeiro,3304557.0,2020-07-18,202029,6747815.0,6718903.0,False,True,65696,973.58923,2020-07-17,0.116,7621,135,city,RJ,0,0
923295,Rio de Janeiro,3304557.0,2020-07-19,202030,6747815.0,6718903.0,False,False,66909,991.56542,2020-07-19,0.1151,7703,136,city,RJ,1213,82
923389,Rio de Janeiro,3304557.0,2020-07-20,202030,6747815.0,6718903.0,False,False,67036,993.44751,2020-07-20,0.1154,7733,137,city,RJ,127,30
923483,Rio de Janeiro,3304557.0,2020-07-21,202030,6747815.0,6718903.0,False,False,67121,994.70718,2020-07-21,0.1161,7796,138,city,RJ,85,63
923577,Rio de Janeiro,3304557.0,2020-07-22,202030,6747815.0,6718903.0,False,False,68334,1012.68336,2020-07-22,0.1154,7887,139,city,RJ,1213,91
923671,Rio de Janeiro,3304557.0,2020-07-23,202030,6747815.0,6718903.0,False,False,68510,1015.29162,2020-07-23,0.1155,7913,140,city,RJ,176,26
923765,Rio de Janeiro,3304557.0,2020-07-24,202030,6747815.0,6718903.0,False,False,69456,1029.31097,2020-07-24,0.1143,7941,141,city,RJ,946,28
923859,Rio de Janeiro,3304557.0,2020-07-25,202030,6747815.0,6718903.0,False,False,69546,1030.64473,2020-07-25,0.1151,8004,142,city,RJ,90,63
923953,Rio de Janeiro,3304557.0,2020-07-26,202031,6747815.0,6718903.0,False,False,69570,1031.00041,2020-07-26,0.1153,8023,143,city,RJ,24,19
924047,Rio de Janeiro,3304557.0,2020-07-27,202031,6747815.0,6718903.0,False,False,70370,1042.85609,2020-07-27,0.1144,8053,144,city,RJ,800,30
924141,Rio de Janeiro,3304557.0,2020-07-28,202031,6747815.0,6718903.0,False,False,70440,1043.89347,2020-07-28,0.1153,8124,145,city,RJ,70,71
924235,Rio de Janeiro,3304557.0,2020-07-29,202031,6747815.0,6718903.0,False,False,70692,1047.62801,2020-07-29,0.1163,8220,146,city,RJ,252,96
924329,Rio de Janeiro,3304557.0,2020-07-30,202031,6747815.0,6718903.0,False,False,70989,1052.02943,2020-07-30,0.1165,8270,147,city,RJ,297,50
924423,Rio de Janeiro,3304557.0,2020-07-31,202031,6747815.0,6718903.0,False,False,71322,1056.96437,2020-07-31,0.1165,8310,148,city,RJ,333,40
924517,Rio de Janeiro,3304557.0,2020-08-01,202031,6747815.0,6718903.0,False,False,71792,1063.92958,2020-08-01,0.1162,8344,149,city,RJ,470,34
924611,Rio de Janeiro,3304557.0,2020-08-02,202032,6747815.0,6718903.0,False,False,71802,1064.07778,2020-08-02,0.1164,8358,150,city,RJ,10,14
924705,Rio de Janeiro,3304557.0,2020-08-03,202032,6747815.0,6718903.0,False,False,72079,1068.18281,2020-08-03,0.1161,8371,151,city,RJ,277,13
924799,Rio de Janeiro,3304557.0,2020-08-04,202032,6747815.0,6718903.0,False,False,72722,1077.71182,2020-08-04,0.1158,8419,152,city,RJ,643,48
924893,Rio de Janeiro,3304557.0,2020-08-05,202032,6747815.0,6718903.0,False,False,73396,1087.70024,2020-08-05,0.1158,8499,153,city,RJ,674,80
924987,Rio de Janeiro,3304557.0,2020-08-06,202032,6747815.0,6718903.0,False,False,73517,1089.49341,2020-08-06,0.1162,8540,154,city,RJ,121,41
925081,Rio de Janeiro,3304557.0,2020-08-07,202032,6747815.0,6718903.0,False,False,73855,1094.50244,2020-08-07,0.1164,8596,155,city,RJ,338,56
925175,Rio de Janeiro,3304557.0,2020-08-08,202032,6747815.0,6718903.0,False,False,74403,1102.62359,2020-08-08,0.1157,8606,156,city,RJ,548,10
925269,Rio de Janeiro,3304557.0,2020-08-09,202033,6747815.0,6718903.0,False,False,74421,1102.89034,2020-08-09,0.1157,8612,157,city,RJ,18,6
925363,Rio de Janeiro,3304557.0,2020-08-10,202033,6747815.0,6718903.0,False,False,74674,1106.6397,2020-08-10,0.1155,8622,158,city,RJ,253,10
925457,Rio de Janeiro,3304557.0,2020-08-11,202033,6747815.0,6718903.0,False,False,76102,1127.80211,2020-08-11,0.1139,8665,159,city,RJ,1428,43
925551,Rio de Janeiro,3304557.0,2020-08-12,202033,6747815.0,6718903.0,False,False,77627,1150.40202,2020-08-12,0.1122,8710,160,city,RJ,1525,45
925645,Rio de Janeiro,3304557.0,2020-08-13,202033,6747815.0,6718903.0,False,False,78500,1163.33954,2020-08-13,0.1117,8766,161,city,RJ,873,56
925739,Rio de Janeiro,3304557.0,2020-08-14,202033,6747815.0,6718903.0,False,False,79865,1183.56831,2020-08-14,0.1102,8799,162,city,RJ,1365,33
925833,Rio de Janeiro,3304557.0,2020-08-15,202033,6747815.0,6718903.0,False,False,80565,1193.94204,2020-08-15,0.1094,8813,163,city,RJ,700,14
925927,Rio de Janeiro,3304557.0,2020-08-16,202034,6747815.0,6718903.0,False,False,80762,1196.8615,2020-08-16,0.1093,8826,164,city,RJ,197,13
926021,Rio de Janeiro,3304557.0,2020-08-17,202034,6747815.0,6718903.0,False,False,80899,1198.89179,2020-08-17,0.1091,8830,165,city,RJ,137,4
926115,Rio de Janeiro,3304557.0,2020-08-18,202034,6747815.0,6718903.0,False,False,82188,1217.99427,2020-08-18,0.1087,8931,166,city,RJ,1289,101
926209,Rio de Janeiro,3304557.0,2020-08-19,202034,6747815.0,6718903.0,False,False,83735,1240.92021,2020-08-19,0.1081,9048,167,city,RJ,1547,117
926303,Rio de Janeiro,3304557.0,2020-08-20,202034,6747815.0,6718903.0,False,False,84488,1252.07938,2020-08-20,0.108,9127,168,city,RJ,753,79
926397,Rio de Janeiro,3304557.0,2020-08-21,202034,6747815.0,6718903.0,False,False,85488,1266.89899,2020-08-21,0.1073,9175,169,city,RJ,1000,48
926491,Rio de Janeiro,3304557.0,2020-08-22,202034,6747815.0,6718903.0,False,False,86419,1280.69605,2020-08-22,0.1065,9206,170,city,RJ,931,31
926585,Rio de Janeiro,3304557.0,2020-08-23,202035,6747815.0,6718903.0,False,False,86767,1285.85327,2020-08-23,0.1064,9231,171,city,RJ,348,25
926679,Rio de Janeiro,3304557.0,2020-08-24,202035,6747815.0,6718903.0,False,False,87164,1291.73666,2020-08-24,0.1069,9316,172,city,RJ,397,85
926773,Rio de Janeiro,3304557.0,2020-08-25,202035,6747815.0,6718903.0,False,False,87748,1300.39131,2020-08-25,0.1072,9404,173,city,RJ,584,88
926867,Rio de Janeiro,3304557.0,2020-08-26,202035,6747815.0,6718903.0,False,False,88699,1314.48476,2020-08-26,0.1067,9468,174,city,RJ,951,64
926961,Rio de Janeiro,3304557.0,2020-08-27,202035,6747815.0,6718903.0,False,False,89434,1325.37718,2020-08-27,0.107,9566,175,city,RJ,735,98
927055,Rio de Janeiro,3304557.0,2020-08-28,202035,6747815.0,6718903.0,False,True,89434,1325.37718,2020-08-27,0.107,9566,176,city,RJ,0,0
927149,Rio de Janeiro,3304557.0,2020-08-29,202035,6747815.0,6718903.0,False,False,90263,1337.66264,2020-08-29,0.1067,9628,177,city,RJ,829,62
927243,Rio de Janeiro,3304557.0,2020-08-30,202036,6747815.0,6718903.0,False,False,90345,1338.87784,2020-08-30,0.1066,9634,178,city,RJ,82,6
927337,Rio de Janeiro,3304557.0,2020-08-31,202036,6747815.0,6718903.0,False,False,90466,1340.67102,2020-08-31,0.1068,9663,179,city,RJ,121,29
927431,Rio de Janeiro,3304557.0,2020-09-01,202036,6747815.0,6718903.0,False,False,91688,1358.78058,2020-09-01,0.1062,9737,180,city,RJ,1222,74
927525,Rio de Janeiro,3304557.0,2020-09-02,202036,6747815.0,6718903.0,False,False,91888,1361.74451,2020-09-02,0.1064,9778,181,city,RJ,200,41
927619,Rio de Janeiro,3304557.0,2020-09-03,202036,6747815.0,6718903.0,False,False,92366,1368.82828,2020-09-03,0.1062,9813,182,city,RJ,478,35
927713,Rio de Janeiro,3304557.0,2020-09-04,202036,6747815.0,6718903.0,False,False,93012,1378.40175,2020-09-04,0.1059,9853,183,city,RJ,646,40
927807,Rio de Janeiro,3304557.0,2020-09-05,202036,6747815.0,6718903.0,False,False,93238,1381.75098,2020-09-05,0.106,9880,184,city,RJ,226,27
927901,Rio de Janeiro,3304557.0,2020-09-06,202037,6747815.0,6718903.0,False,False,93480,1385.33733,2020-09-06,0.1059,9902,185,city,RJ,242,22
927995,Rio de Janeiro,3304557.0,2020-09-07,202037,6747815.0,6718903.0,False,False,93652,1387.8863,2020-09-07,0.106,9924,186,city,RJ,172,22
928089,Rio de Janeiro,3304557.0,2020-09-08,202037,6747815.0,6718903.0,False,False,93899,1391.54675,2020-09-08,0.106,9957,187,city,RJ,247,33
928183,Rio de Janeiro,3304557.0,2020-09-09,202037,6747815.0,6718903.0,False,False,94212,1396.18528,2020-09-09,0.1064,10027,188,city,RJ,313,70
928277,Rio de Janeiro,3304557.0,2020-09-10,202037,6747815.0,6718903.0,False,False,94896,1406.3219,2020-09-10,0.1062,10074,189,city,RJ,684,47
928371,Rio de Janeiro,3304557.0,2020-09-11,202037,6747815.0,6718903.0,False,False,95008,1407.98169,2020-09-11,0.1058,10053,190,city,RJ,112,-21
928465,Rio de Janeiro,3304557.0,2020-09-12,202037,6747815.0,6718903.0,False,False,95190,1410.67886,2020-09-12,0.1062,10113,191,city,RJ,182,60
928559,Rio de Janeiro,3304557.0,2020-09-13,202038,6747815.0,6718903.0,False,False,95337,1412.85735,2020-09-13,0.1061,10116,192,city,RJ,147,3
928653,Rio de Janeiro,3304557.0,2020-09-14,202038,6747815.0,6718903.0,False,False,95444,1414.44305,2020-09-14,0.106,10119,193,city,RJ,107,3
928747,Rio de Janeiro,3304557.0,2020-09-15,202038,6747815.0,6718903.0,False,False,96051,1423.43855,2020-09-15,0.1065,10233,194,city,RJ,607,114
928841,Rio de Janeiro,3304557.0,2020-09-16,202038,6747815.0,6718903.0,False,False,96818,1434.80519,2020-09-16,0.1067,10330,195,city,RJ,767,97
928935,Rio de Janeiro,3304557.0,2020-09-17,202038,6747815.0,6718903.0,False,False,97399,1443.41539,2020-09-17,0.1067,10391,196,city,RJ,581,61
929029,Rio de Janeiro,3304557.0,2020-09-18,202038,6747815.0,6718903.0,False,False,97612,1446.57196,2020-09-18,0.107,10449,197,city,RJ,213,58
929123,Rio de Janeiro,3304557.0,2020-09-19,202038,6747815.0,6718903.0,False,False,97824,1449.71372,2020-09-19,0.107,10470,198,city,RJ,212,21
929217,Rio de Janeiro,3304557.0,2020-09-20,202039,6747815.0,6718903.0,False,False,98162,1454.72275,2020-09-20,0.1069,10495,199,city,RJ,338,25
929311,Rio de Janeiro,3304557.0,2020-09-21,202039,6747815.0,6718903.0,False,False,98259,1456.16025,2020-09-21,0.1069,10505,200,city,RJ,97,10
929405,Rio de Janeiro,3304557.0,2020-09-22,202039,6747815.0,6718903.0,False,False,98545,1460.39866,2020-09-22,0.1073,10576,201,city,RJ,286,71
929499,Rio de Janeiro,3304557.0,2020-09-23,202039,6747815.0,6718903.0,False,False,99573,1475.63322,2020-09-23,0.1071,10660,202,city,RJ,1028,84
929593,Rio de Janeiro,3304557.0,2020-09-24,202039,6747815.0,6718903.0,False,False,99882,1480.21248,2020-09-24,0.1074,10730,203,city,RJ,309,70
929687,Rio de Janeiro,3304557.0,2020-09-25,202039,6747815.0,6718903.0,False,False,100045,1482.62808,2020-09-25,0.1079,10793,204,city,RJ,163,63
929781,Rio de Janeiro,3304557.0,2020-09-26,202039,6747815.0,6718903.0,False,False,100132,1483.91739,2020-09-26,0.1082,10834,205,city,RJ,87,41
929875,Rio de Janeiro,3304557.0,2020-09-27,202040,6747815.0,6718903.0,False,False,102246,1515.24605,2020-09-27,0.1061,10849,206,city,RJ,2114,15
929969,Rio de Janeiro,3304557.0,2020-09-28,202040,6747815.0,6718903.0,False,False,102326,1516.43162,2020-09-28,0.1061,10856,207,city,RJ,80,7
930063,Rio de Janeiro,3304557.0,2020-09-29,202040,6747815.0,6718903.0,False,False,102509,1519.1436,2020-09-29,0.1066,10926,208,city,RJ,183,70
930157,Rio de Janeiro,3304557.0,2020-09-30,202040,6747815.0,6718903.0,False,False,102716,1522.21126,2020-09-30,0.1068,10969,209,city,RJ,207,43
930251,Rio de Janeiro,3304557.0,2020-10-01,202040,6747815.0,6718903.0,False,False,102901,1524.95289,2020-10-01,0.1071,11024,210,city,RJ,185,55
930345,Rio de Janeiro,3304557.0,2020-10-02,202040,6747815.0,6718903.0,False,False,106078,1572.0348,2020-10-02,0.1044,11077,211,city,RJ,3177,53
930439,Rio de Janeiro,3304557.0,2020-10-03,202040,6747815.0,6718903.0,False,False,106138,1572.92398,2020-10-03,0.1046,11101,212,city,RJ,60,24
930533,Rio de Janeiro,3304557.0,2020-10-04,202041,6747815.0,6718903.0,False,False,106170,1573.3982,2020-10-04,0.1046,11107,213,city,RJ,32,6
930627,Rio de Janeiro,3304557.0,2020-10-05,202041,6747815.0,6718903.0,False,False,107643,1595.22749,2020-10-05,0.1033,11118,214,city,RJ,1473,11
930721,Rio de Janeiro,3304557.0,2020-10-06,202041,6747815.0,6718903.0,False,False,108704,1610.9511,2020-10-06,0.103,11197,215,city,RJ,1061,79
930815,Rio de Janeiro,3304557.0,2020-10-07,202041,6747815.0,6718903.0,False,False,109547,1623.44403,2020-10-07,0.1026,11240,216,city,RJ,843,43
930909,Rio de Janeiro,3304557.0,2020-10-08,202041,6747815.0,6718903.0,False,False,110202,1633.15088,2020-10-08,0.1027,11313,217,city,RJ,655,73
931003,Rio de Janeiro,3304557.0,2020-10-09,202041,6747815.0,6718903.0,False,False,111006,1645.06585,2020-10-09,0.1025,11378,218,city,RJ,804,65
931097,Rio de Janeiro,3304557.0,2020-10-10,202041,6747815.0,6718903.0,False,False,111218,1648.2076,2020-10-10,0.1025,11401,219,city,RJ,212,23
931191,Rio de Janeiro,3304557.0,2020-10-11,202042,6747815.0,6718903.0,False,False,111255,1648.75593,2020-10-11,0.1025,11406,220,city,RJ,37,5
931285,Rio de Janeiro,3304557.0,2020-10-12,202042,6747815.0,6718903.0,False,False,111255,1648.75593,2020-10-12,0.1025,11406,221,city,RJ,0,0
931379,Rio de Janeiro,3304557.0,2020-10-13,202042,6747815.0,6718903.0,False,False,111282,1649.15606,2020-10-13,0.1027,11426,222,city,RJ,27,20
931473,Rio de Janeiro,3304557.0,2020-10-14,202042,6747815.0,6718903.0,False,False,111378,1650.57874,2020-10-14,0.1031,11487,223,city,RJ,96,61
931567,Rio de Janeiro,3304557.0,2020-10-15,202042,6747815.0,6718903.0,False,False,111469,1651.92733,2020-10-15,0.1035,11537,224,city,RJ,91,50
931661,Rio de Janeiro,3304557.0,2020-10-16,202042,6747815.0,6718903.0,False,False,113512,1682.20379,2020-10-16,0.102,11582,225,city,RJ,2043,45
931755,Rio de Janeiro,3304557.0,2020-10-17,202042,6747815.0,6718903.0,False,False,113608,1683.62648,2020-10-17,0.1022,11610,226,city,RJ,96,28
931849,Rio de Janeiro,3304557.0,2020-10-18,202043,6747815.0,6718903.0,False,False,113699,1684.97506,2020-10-18,0.1023,11633,227,city,RJ,91,23
931943,Rio de Janeiro,3304557.0,2020-10-19,202043,6747815.0,6718903.0,False,False,114097,1690.87327,2020-10-19,0.102,11637,228,city,RJ,398,4
932037,Rio de Janeiro,3304557.0,2020-10-20,202043,6747815.0,6718903.0,False,False,114274,1693.49634,2020-10-20,0.1021,11672,229,city,RJ,177,35
932131,Rio de Janeiro,3304557.0,2020-10-21,202043,6747815.0,6718903.0,False,False,114761,1700.71349,2020-10-21,0.1022,11734,230,city,RJ,487,62
932225,Rio de Janeiro,3304557.0,2020-10-22,202043,6747815.0,6718903.0,False,False,115213,1707.41195,2020-10-22,0.1022,11777,231,city,RJ,452,43
932319,Rio de Janeiro,3304557.0,2020-10-23,202043,6747815.0,6718903.0,False,False,115635,1713.66583,2020-10-23,0.1023,11834,232,city,RJ,422,57
932413,Rio de Janeiro,3304557.0,2020-10-24,202043,6747815.0,6718903.0,False,False,116199,1722.02409,2020-10-24,0.1022,11870,233,city,RJ,564,36
932507,Rio de Janeiro,3304557.0,2020-10-25,202044,6747815.0,6718903.0,False,False,116199,1722.02409,2020-10-25,0.1022,11870,234,city,RJ,0,0
932601,Rio de Janeiro,3304557.0,2020-10-26,202044,6747815.0,6718903.0,False,False,116591,1727.83338,2020-10-26,0.1021,11899,235,city,RJ,392,29
932695,Rio de Janeiro,3304557.0,2020-10-27,202044,6747815.0,6718903.0,False,False,117379,1739.51123,2020-10-27,0.1018,11952,236,city,RJ,788,53
932789,Rio de Janeiro,3304557.0,2020-10-28,202044,6747815.0,6718903.0,False,False,117956,1748.06215,2020-10-28,0.1018,12009,237,city,RJ,577,57
932883,Rio de Janeiro,3304557.0,2020-10-29,202044,6747815.0,6718903.0,False,False,118433,1755.13111,2020-10-29,0.1019,12064,238,city,RJ,477,55
932977,Rio de Janeiro,3304557.0,2020-10-30,202044,6747815.0,6718903.0,False,False,118835,1761.08859,2020-10-30,0.102,12119,239,city,RJ,402,55
933071,Rio de Janeiro,3304557.0,2020-10-31,202044,6747815.0,6718903.0,False,False,119201,1766.51257,2020-10-31,0.1017,12125,240,city,RJ,366,6
933165,Rio de Janeiro,3304557.0,2020-11-01,202045,6747815.0,6718903.0,False,False,119501,1770.95845,2020-11-01,0.1015,12129,241,city,RJ,300,4
933259,Rio de Janeiro,3304557.0,2020-11-02,202045,6747815.0,6718903.0,False,False,119593,1772.32186,2020-11-02,0.1015,12140,242,city,RJ,92,11
933353,Rio de Janeiro,3304557.0,2020-11-03,202045,6747815.0,6718903.0,False,False,119826,1775.77482,2020-11-03,0.1014,12148,243,city,RJ,233,8
933447,Rio de Janeiro,3304557.0,2020-11-04,202045,6747815.0,6718903.0,False,False,120432,1784.75551,2020-11-04,0.1015,12219,244,city,RJ,606,71
933541,Rio de Janeiro,3304557.0,2020-11-05,202045,6747815.0,6718903.0,False,False,120802,1790.23877,2020-11-05,0.1016,12268,245,city,RJ,370,49
933635,Rio de Janeiro,3304557.0,2020-11-06,202045,6747815.0,6718903.0,False,False,121698,1803.51714,2020-11-06,0.1008,12268,246,city,RJ,896,0
933729,Rio de Janeiro,3304557.0,2020-11-07,202045,6747815.0,6718903.0,False,False,122157,1810.31934,2020-11-07,0.1008,12312,247,city,RJ,459,44
933823,Rio de Janeiro,3304557.0,2020-11-08,202046,6747815.0,6718903.0,False,False,122295,1812.36445,2020-11-08,0.1007,12312,248,city,RJ,138,0
933917,Rio de Janeiro,3304557.0,2020-11-09,202046,6747815.0,6718903.0,False,False,122527,1815.8026,2020-11-09,0.1005,12312,249,city,RJ,232,0
934011,Rio de Janeiro,3304557.0,2020-11-10,202046,6747815.0,6718903.0,False,False,123281,1826.97658,2020-11-10,0.0999,12312,250,city,RJ,754,0
934105,Rio de Janeiro,3304557.0,2020-11-11,202046,6747815.0,6718903.0,False,False,123874,1835.76461,2020-11-11,0.0995,12322,251,city,RJ,593,10
934199,Rio de Janeiro,3304557.0,2020-11-12,202046,6747815.0,6718903.0,False,False,124912,1851.14737,2020-11-12,0.0994,12419,252,city,RJ,1038,97
934293,Rio de Janeiro,3304557.0,2020-11-13,202046,6747815.0,6718903.0,False,False,125463,1859.31298,2020-11-13,0.099,12419,253,city,RJ,551,0
934387,Rio de Janeiro,3304557.0,2020-11-14,202046,6747815.0,6718903.0,False,False,126423,1873.53981,2020-11-14,0.0989,12506,254,city,RJ,960,87
934481,Rio de Janeiro,3304557.0,2020-11-15,202047,6747815.0,6718903.0,False,False,126691,1877.51146,2020-11-15,0.0987,12510,255,city,RJ,268,4
934575,Rio de Janeiro,3304557.0,2020-11-16,202047,6747815.0,6718903.0,False,False,126824,1879.48247,2020-11-16,0.0987,12512,256,city,RJ,133,2
934669,Rio de Janeiro,3304557.0,2020-11-17,202047,6747815.0,6718903.0,False,False,127921,1895.73958,2020-11-17,0.0989,12653,257,city,RJ,1097,141
934763,Rio de Janeiro,3304557.0,2020-11-18,202047,6747815.0,6718903.0,False,False,128834,1909.26989,2020-11-18,0.0993,12793,258,city,RJ,913,140
934857,Rio de Janeiro,3304557.0,2020-11-19,202047,6747815.0,6718903.0,False,False,129631,1921.08112,2020-11-19,0.0991,12844,259,city,RJ,797,51
934951,Rio de Janeiro,3304557.0,2020-11-20,202047,6747815.0,6718903.0,False,False,130635,1935.96001,2020-11-20,0.0989,12923,260,city,RJ,1004,79
935045,Rio de Janeiro,3304557.0,2020-11-21,202047,6747815.0,6718903.0,False,False,130949,1940.61337,2020-11-21,0.0988,12935,261,city,RJ,314,12
935139,Rio de Janeiro,3304557.0,2020-11-22,202048,6747815.0,6718903.0,False,False,131241,1944.9407,2020-11-22,0.0986,12935,262,city,RJ,292,0
935233,Rio de Janeiro,3304557.0,2020-11-23,202048,6747815.0,6718903.0,False,False,131433,1947.78606,2020-11-23,0.0987,12979,263,city,RJ,192,44
935327,Rio de Janeiro,3304557.0,2020-11-24,202048,6747815.0,6718903.0,False,False,132349,1961.36083,2020-11-24,0.0987,13064,264,city,RJ,916,85
935421,Rio de Janeiro,3304557.0,2020-11-25,202048,6747815.0,6718903.0,False,False,133836,1983.39759,2020-11-25,0.098,13115,265,city,RJ,1487,51
935515,Rio de Janeiro,3304557.0,2020-11-26,202048,6747815.0,6718903.0,False,False,134674,1995.81642,2020-11-26,0.098,13192,266,city,RJ,838,77
935609,Rio de Janeiro,3304557.0,2020-11-27,202048,6747815.0,6718903.0,False,False,135093,2002.02584,2020-11-27,0.0979,13226,267,city,RJ,419,34
935703,Rio de Janeiro,3304557.0,2020-11-28,202048,6747815.0,6718903.0,False,False,137193,2033.14703,2020-11-28,0.0967,13261,268,city,RJ,2100,35
935797,Rio de Janeiro,3304557.0,2020-11-29,202049,6747815.0,6718903.0,False,False,137643,2039.81585,2020-11-29,0.0964,13267,269,city,RJ,450,6
935891,Rio de Janeiro,3304557.0,2020-11-30,202049,6747815.0,6718903.0,False,False,137860,2043.03171,2020-11-30,0.0964,13295,270,city,RJ,217,28
935985,Rio de Janeiro,3304557.0,2020-12-01,202049,6747815.0,6718903.0,False,False,139497,2067.29141,2020-12-01,0.0958,13358,271,city,RJ,1637,63
936079,Rio de Janeiro,3304557.0,2020-12-02,202049,6747815.0,6718903.0,False,False,140864,2087.54982,2020-12-02,0.0952,13405,272,city,RJ,1367,47
936173,Rio de Janeiro,3304557.0,2020-12-03,202049,6747815.0,6718903.0,False,False,142231,2107.80823,2020-12-03,0.0947,13465,273,city,RJ,1367,60
936267,Rio de Janeiro,3304557.0,2020-12-04,202049,6747815.0,6718903.0,False,False,143192,2122.04988,2020-12-04,0.0945,13532,274,city,RJ,961,67
936361,Rio de Janeiro,3304557.0,2020-12-05,202049,6747815.0,6718903.0,False,False,144199,2136.97323,2020-12-05,0.0941,13570,275,city,RJ,1007,38
936455,Rio de Janeiro,3304557.0,2020-12-06,202050,6747815.0,6718903.0,False,False,144493,2141.33019,2020-12-06,0.094,13581,276,city,RJ,294,11
936549,Rio de Janeiro,3304557.0,2020-12-07,202050,6747815.0,6718903.0,False,False,144641,2143.5235,2020-12-07,0.094,13594,277,city,RJ,148,13
936643,Rio de Janeiro,3304557.0,2020-12-08,202050,6747815.0,6718903.0,False,False,145763,2160.1511,2020-12-08,0.0938,13676,278,city,RJ,1122,82
936737,Rio de Janeiro,3304557.0,2020-12-09,202050,6747815.0,6718903.0,False,False,147217,2181.69882,2020-12-09,0.0935,13772,279,city,RJ,1454,96
936831,Rio de Janeiro,3304557.0,2020-12-10,202050,6747815.0,6718903.0,False,False,148684,2203.43919,2020-12-10,0.0931,13844,280,city,RJ,1467,72
936925,Rio de Janeiro,3304557.0,2020-12-11,202050,6747815.0,6718903.0,False,False,150072,2224.00881,2020-12-11,0.0925,13882,281,city,RJ,1388,38
937019,Rio de Janeiro,3304557.0,2020-12-12,202050,6747815.0,6718903.0,False,False,151210,2240.87353,2020-12-12,0.092,13918,282,city,RJ,1138,36
937113,Rio de Janeiro,3304557.0,2020-12-13,202051,6747815.0,6718903.0,False,False,151341,2242.8149,2020-12-13,0.092,13922,283,city,RJ,131,4
937207,Rio de Janeiro,3304557.0,2020-12-14,202051,6747815.0,6718903.0,False,False,151531,2245.63062,2020-12-14,0.0919,13923,284,city,RJ,190,1
937301,Rio de Janeiro,3304557.0,2020-12-15,202051,6747815.0,6718903.0,False,False,151893,2250.99532,2020-12-15,0.0923,14015,285,city,RJ,362,92
937395,Rio de Janeiro,3304557.0,2020-12-16,202051,6747815.0,6718903.0,False,False,153027,2267.80076,2020-12-16,0.0925,14151,286,city,RJ,1134,136
937489,Rio de Janeiro,3304557.0,2020-12-17,202051,6747815.0,6718903.0,False,False,154183,2284.93223,2020-12-17,0.0919,14177,287,city,RJ,1156,26
937583,Rio de Janeiro,3304557.0,2020-12-18,202051,6747815.0,6718903.0,False,False,155434,2303.47157,2020-12-18,0.0916,14237,288,city,RJ,1251,60
937677,Rio de Janeiro,3304557.0,2020-12-19,202051,6747815.0,6718903.0,False,False,156389,2317.6243,2020-12-19,0.0914,14293,289,city,RJ,955,56
937771,Rio de Janeiro,3304557.0,2020-12-20,202052,6747815.0,6718903.0,False,False,156583,2320.4993,2020-12-20,0.0913,14293,290,city,RJ,194,0
937865,Rio de Janeiro,3304557.0,2020-12-21,202052,6747815.0,6718903.0,False,False,156818,2323.98191,2020-12-21,0.0912,14296,291,city,RJ,235,3
937959,Rio de Janeiro,3304557.0,2020-12-22,202052,6747815.0,6718903.0,False,False,157693,2336.94907,2020-12-22,0.0912,14380,292,city,RJ,875,84
938053,Rio de Janeiro,3304557.0,2020-12-23,202052,6747815.0,6718903.0,False,False,158481,2348.62693,2020-12-23,0.0908,14397,293,city,RJ,788,17
938147,Rio de Janeiro,3304557.0,2020-12-24,202052,6747815.0,6718903.0,False,False,159865,2369.13727,2020-12-24,0.0906,14481,294,city,RJ,1384,84
938241,Rio de Janeiro,3304557.0,2020-12-25,202052,6747815.0,6718903.0,False,False,160369,2376.60635,2020-12-25,0.0906,14523,295,city,RJ,504,42
938335,Rio de Janeiro,3304557.0,2020-12-26,202052,6747815.0,6718903.0,False,False,160542,2379.17015,2020-12-26,0.0905,14526,296,city,RJ,173,3
938429,Rio de Janeiro,3304557.0,2020-12-27,202053,6747815.0,6718903.0,False,False,161003,2386.00199,2020-12-27,0.0903,14532,297,city,RJ,461,6
938523,Rio de Janeiro,3304557.0,2020-12-28,202053,6747815.0,6718903.0,False,False,161191,2388.78807,2020-12-28,0.0903,14548,298,city,RJ,188,16
938617,Rio de Janeiro,3304557.0,2020-12-29,202053,6747815.0,6718903.0,False,False,162772,2412.21788,2020-12-29,0.0899,14633,299,city,RJ,1581,85
938711,Rio de Janeiro,3304557.0,2020-12-30,202053,6747815.0,6718903.0,False,False,164782,2442.0053,2020-12-30,0.0895,14743,300,city,RJ,2010,110
938805,Rio de Janeiro,3304557.0,2020-12-31,202053,6747815.0,6718903.0,False,False,165079,2446.40673,2020-12-31,0.09,14860,301,city,RJ,297,117
938899,Rio de Janeiro,3304557.0,2021-01-01,202053,6747815.0,6718903.0,False,False,165158,2447.57748,2021-01-01,0.0902,14905,302,city,RJ,79,45
938993,Rio de Janeiro,3304557.0,2021-01-02,202053,6747815.0,6718903.0,False,False,165163,2447.65157,2021-01-02,0.0903,14906,303,city,RJ,5,1
939087,Rio de Janeiro,3304557.0,2021-01-03,202101,6747815.0,6718903.0,False,False,165189,2448.03688,2021-01-03,0.0903,14913,304,city,RJ,26,7
939181,Rio de Janeiro,3304557.0,2021-01-04,202101,6747815.0,6718903.0,False,False,167858,2487.59043,2021-01-04,0.0889,14915,305,city,RJ,2669,2
939275,Rio de Janeiro,3304557.0,2021-01-05,202101,6747815.0,6718903.0,False,False,169372,2510.02732,2021-01-05,0.089,15077,306,city,RJ,1514,162
939369,Rio de Janeiro,3304557.0,2021-01-06,202101,6747815.0,6718903.0,False,False,170636,2528.75931,2021-01-06,0.089,15180,307,city,RJ,1264,103
939463,Rio de Janeiro,3304557.0,2021-01-07,202101,6747815.0,6718903.0,False,False,171843,2546.64658,2021-01-07,0.0891,15312,308,city,RJ,1207,132
939557,Rio de Janeiro,3304557.0,2021-01-08,202101,6747815.0,6718903.0,False,False,172999,2563.77805,2021-01-08,0.0892,15423,309,city,RJ,1156,111
939651,Rio de Janeiro,3304557.0,2021-01-09,202101,6747815.0,6718903.0,False,False,173291,2568.10538,2021-01-09,0.0896,15527,310,city,RJ,292,104
939745,Rio de Janeiro,3304557.0,2021-01-10,202102,6747815.0,6718903.0,False,False,174154,2580.8947,2021-01-10,0.0892,15532,311,city,RJ,863,5
939839,Rio de Janeiro,3304557.0,2021-01-11,202102,6747815.0,6718903.0,False,False,174347,2583.75489,2021-01-11,0.0891,15533,312,city,RJ,193,1
939933,Rio de Janeiro,3304557.0,2021-01-12,202102,6747815.0,6718903.0,False,False,175452,2600.13056,2021-01-12,0.0893,15664,313,city,RJ,1105,131
940027,Rio de Janeiro,3304557.0,2021-01-13,202102,6747815.0,6718903.0,False,False,176421,2614.49076,2021-01-13,0.0895,15794,314,city,RJ,969,130
940121,Rio de Janeiro,3304557.0,2021-01-14,202102,6747815.0,6718903.0,False,True,176421,2614.49076,2021-01-13,0.0895,15794,315,city,RJ,0,0
940215,Rio de Janeiro,3304557.0,2021-01-15,202102,6747815.0,6718903.0,False,True,176421,2614.49076,2021-01-13,0.0895,15794,316,city,RJ,0,0
940309,Rio de Janeiro,3304557.0,2021-01-16,202102,6747815.0,6718903.0,False,False,179478,2659.79432,2021-01-16,0.0897,16101,317,city,RJ,3057,307
940403,Rio de Janeiro,3304557.0,2021-01-17,202103,6747815.0,6718903.0,False,False,179788,2664.3884,2021-01-17,0.0897,16119,318,city,RJ,310,18
940497,Rio de Janeiro,3304557.0,2021-01-18,202103,6747815.0,6718903.0,False,False,179955,2666.86327,2021-01-18,0.0896,16127,319,city,RJ,167,8
940591,Rio de Janeiro,3304557.0,2021-01-19,202103,6747815.0,6718903.0,False,False,180984,2682.11265,2021-01-19,0.0902,16320,320,city,RJ,1029,193
940685,Rio de Janeiro,3304557.0,2021-01-20,202103,6747815.0,6718903.0,False,False,182032,2697.64361,2021-01-20,0.0901,16399,321,city,RJ,1048,79
940779,Rio de Janeiro,3304557.0,2021-01-21,202103,6747815.0,6718903.0,False,False,182713,2707.73576,2021-01-21,0.0905,16543,322,city,RJ,681,144
940873,Rio de Janeiro,3304557.0,2021-01-22,202103,6747815.0,6718903.0,False,False,183195,2714.87882,2021-01-22,0.0907,16608,323,city,RJ,482,65
940967,Rio de Janeiro,3304557.0,2021-01-23,202103,6747815.0,6718903.0,False,False,184293,2731.15075,2021-01-23,0.0905,16685,324,city,RJ,1098,77
941061,Rio de Janeiro,3304557.0,2021-01-24,202104,6747815.0,6718903.0,False,False,184545,2734.88529,2021-01-24,0.0904,16687,325,city,RJ,252,2
941155,Rio de Janeiro,3304557.0,2021-01-25,202104,6747815.0,6718903.0,False,False,184676,2736.82666,2021-01-25,0.0905,16707,326,city,RJ,131,20
941249,Rio de Janeiro,3304557.0,2021-01-26,202104,6747815.0,6718903.0,False,False,185560,2749.9272,2021-01-26,0.0907,16838,327,city,RJ,884,131
941343,Rio de Janeiro,3304557.0,2021-01-27,202104,6747815.0,6718903.0,False,False,186345,2761.56059,2021-01-27,0.0908,16924,328,city,RJ,785,86
941437,Rio de Janeiro,3304557.0,2021-01-28,202104,6747815.0,6718903.0,False,False,187339,2776.29129,2021-01-28,0.0908,17017,329,city,RJ,994,93
941531,Rio de Janeiro,3304557.0,2021-01-29,202104,6747815.0,6718903.0,False,False,188127,2787.96914,2021-01-29,0.091,17114,330,city,RJ,788,97
941625,Rio de Janeiro,3304557.0,2021-01-30,202104,6747815.0,6718903.0,False,False,188833,2798.43179,2021-01-30,0.0912,17216,331,city,RJ,706,102
941719,Rio de Janeiro,3304557.0,2021-01-31,202105,6747815.0,6718903.0,False,False,188999,2800.89184,2021-01-31,0.0911,17221,332,city,RJ,166,5
941813,Rio de Janeiro,3304557.0,2021-02-01,202105,6747815.0,6718903.0,False,False,189110,2802.53682,2021-02-01,0.0912,17254,333,city,RJ,111,33
941907,Rio de Janeiro,3304557.0,2021-02-02,202105,6747815.0,6718903.0,False,False,189679,2810.96918,2021-02-02,0.0915,17352,334,city,RJ,569,98
942001,Rio de Janeiro,3304557.0,2021-02-03,202105,6747815.0,6718903.0,False,False,190327,2820.57229,2021-02-03,0.0916,17429,335,city,RJ,648,77
942095,Rio de Janeiro,3304557.0,2021-02-04,202105,6747815.0,6718903.0,False,False,191038,2831.10903,2021-02-04,0.0918,17535,336,city,RJ,711,106
942189,Rio de Janeiro,3304557.0,2021-02-05,202105,6747815.0,6718903.0,False,False,191524,2838.31136,2021-02-05,0.092,17627,337,city,RJ,486,92
942283,Rio de Janeiro,3304557.0,2021-02-06,202105,6747815.0,6718903.0,False,False,191991,2845.23212,2021-02-06,0.0919,17647,338,city,RJ,467,20
942377,Rio de Janeiro,3304557.0,2021-02-07,202106,6747815.0,6718903.0,False,False,192090,2846.69926,2021-02-07,0.0919,17648,339,city,RJ,99,1
942471,Rio de Janeiro,3304557.0,2021-02-08,202106,6747815.0,6718903.0,False,False,192227,2848.72955,2021-02-08,0.0918,17651,340,city,RJ,137,3
942565,Rio de Janeiro,3304557.0,2021-02-09,202106,6747815.0,6718903.0,False,False,193127,2862.0672,2021-02-09,0.0917,17701,341,city,RJ,900,50
942659,Rio de Janeiro,3304557.0,2021-02-10,202106,6747815.0,6718903.0,False,False,193768,2871.56657,2021-02-10,0.0917,17765,342,city,RJ,641,64
942753,Rio de Janeiro,3304557.0,2021-02-11,202106,6747815.0,6718903.0,False,False,194497,2882.37007,2021-02-11,0.092,17888,343,city,RJ,729,123
942847,Rio de Janeiro,3304557.0,2021-02-12,202106,6747815.0,6718903.0,False,False,195241,2893.39586,2021-02-12,0.0919,17938,344,city,RJ,744,50
942941,Rio de Janeiro,3304557.0,2021-02-13,202106,6747815.0,6718903.0,False,False,195308,2894.38878,2021-02-13,0.092,17967,345,city,RJ,67,29
943035,Rio de Janeiro,3304557.0,2021-02-14,202107,6747815.0,6718903.0,False,False,195383,2895.50025,2021-02-14,0.0921,17996,346,city,RJ,75,29
943129,Rio de Janeiro,3304557.0,2021-02-15,202107,6747815.0,6718903.0,False,False,195419,2896.03375,2021-02-15,0.0922,18016,347,city,RJ,36,20
943223,Rio de Janeiro,3304557.0,2021-02-16,202107,6747815.0,6718903.0,False,False,203011,3008.54425,2021-02-16,0.0893,18121,348,city,RJ,7592,105
943317,Rio de Janeiro,3304557.0,2021-02-17,202107,6747815.0,6718903.0,True,False,203133,3010.35224,2021-02-17,0.0895,18172,349,city,RJ,122,51
943411,Rio de Janeiro,3304557.0,2021-02-18,202107,6747815.0,6718903.0,False,True,203133,3010.35224,2021-02-17,0.0895,18172,350,city,RJ,0,0
